{
    "IdealCategorization": [
        {"Health and Security":[
            {"Health":
                ["Nutrition","Physical activity","Health monitoring"]
            },
            {"Safety and Security":
                ["Physical security","Self-defence","Disaster handling"]
            }
        ]},
        {"Relationships":[
            {"Self Image":
                ["Self image","Style and Character","Online social networks"]
            },
            {"Sexual":
                ["Attraction & Success","Relationship management"]
            }
        ]}
    ]
}